activity_comment,activity_id,activity_properties,assay_chembl_id,assay_description,assay_type,assay_variant_accession,assay_variant_mutation,bao_endpoint,bao_format,bao_label,canonical_smiles,data_validity_comment,data_validity_description,document_chembl_id,document_journal,document_year,ligand_efficiency,molecule_chembl_id,molecule_pref_name,parent_molecule_chembl_id,pchembl_value,potential_duplicate,qudt_units,record_id,relation,src_id,standard_flag,standard_relation,standard_text_value,standard_type,standard_units,standard_upper_value,standard_value,target_chembl_id,target_organism,target_pref_name,target_tax_id,text_value,toid,type,units,uo_units,upper_value,value
,18710848,[],CHEMBL4256954,Inhibition of KDM5A/KDM5B in human ZR-75-1 cells assessed as increase in H3K4me3 level after 72 hrs by fluorometric immunoblot analysis,B,,,BAO_0000190,BAO_0000219,cell-based format,O=C(O)c1ccnc(-n2nccc2OCc2ccccc2)c1,,,CHEMBL4256941,,,"{'bei': '20.32', 'le': '0.37', 'lle': '3.46', 'sei': '7.77'}",CHEMBL4225358,,CHEMBL4225358,6.00,False,http://www.openphacts.org/units/Nanomolar,3107632,=,38,True,=,,IC50,nM,,1000.0,CHEMBL4296073,Homo sapiens,Lysine-specific demethylase 5A/5B,9606,,,IC50,uM,UO_0000065,10.0,1.0
,18710849,[],CHEMBL4256954,Inhibition of KDM5A/KDM5B in human ZR-75-1 cells assessed as increase in H3K4me3 level after 72 hrs by fluorometric immunoblot analysis,B,,,BAO_0000190,BAO_0000219,cell-based format,O=C(O)c1ccnc(-n2nccc2OCc2ccc(F)cc2)c1,,,CHEMBL4256941,,,"{'bei': '22.34', 'le': '0.42', 'lle': '4.32', 'sei': '9.06'}",CHEMBL4225013,,CHEMBL4225013,7.00,False,http://www.openphacts.org/units/Nanomolar,3107633,=,38,True,=,,IC50,nM,,100.0,CHEMBL4296073,Homo sapiens,Lysine-specific demethylase 5A/5B,9606,,,IC50,uM,UO_0000065,1.0,0.1
,18710850,[],CHEMBL4256954,Inhibition of KDM5A/KDM5B in human ZR-75-1 cells assessed as increase in H3K4me3 level after 72 hrs by fluorometric immunoblot analysis,B,,,BAO_0000190,BAO_0000219,cell-based format,O=C(O)c1ccnc(-n2nccc2OCc2cccc(F)c2)c1,,,CHEMBL4256941,,,,CHEMBL4228781,,CHEMBL4228781,,False,http://www.openphacts.org/units/Nanomolar,3107634,>,38,True,>,,IC50,nM,,10000.0,CHEMBL4296073,Homo sapiens,Lysine-specific demethylase 5A/5B,9606,,,IC50,uM,UO_0000065,,10.0
,18710851,[],CHEMBL4256954,Inhibition of KDM5A/KDM5B in human ZR-75-1 cells assessed as increase in H3K4me3 level after 72 hrs by fluorometric immunoblot analysis,B,,,BAO_0000190,BAO_0000219,cell-based format,Cn1ncc2ccc(COc3ccnn3-c3cc(C(=O)O)ccn3)cc21,,,CHEMBL4256941,,,,CHEMBL4290631,,CHEMBL4290631,,False,http://www.openphacts.org/units/Nanomolar,3107643,>,38,True,>,,IC50,nM,,10000.0,CHEMBL4296073,Homo sapiens,Lysine-specific demethylase 5A/5B,9606,,,IC50,uM,UO_0000065,,10.0
,18710852,[],CHEMBL4256954,Inhibition of KDM5A/KDM5B in human ZR-75-1 cells assessed as increase in H3K4me3 level after 72 hrs by fluorometric immunoblot analysis,B,,,BAO_0000190,BAO_0000219,cell-based format,O=C(O)c1ccnc(-n2nccc2OCc2ccc(F)c(F)c2)c1,,,CHEMBL4256941,,,"{'bei': '21.13', 'le': '0.40', 'lle': '4.18', 'sei': '9.06'}",CHEMBL4289229,,CHEMBL4289229,7.00,False,http://www.openphacts.org/units/Nanomolar,3107645,=,38,True,=,,IC50,nM,,100.0,CHEMBL4296073,Homo sapiens,Lysine-specific demethylase 5A/5B,9606,,,IC50,uM,UO_0000065,1.0,0.1
,18710853,[],CHEMBL4256954,Inhibition of KDM5A/KDM5B in human ZR-75-1 cells assessed as increase in H3K4me3 level after 72 hrs by fluorometric immunoblot analysis,B,,,BAO_0000190,BAO_0000219,cell-based format,O=C(O)c1ccnc(-n2nccc2OCc2ccc(Cl)cc2)c1,,,CHEMBL4256941,,,"{'bei': '21.23', 'le': '0.42', 'lle': '3.80', 'sei': '9.06'}",CHEMBL3785832,,CHEMBL3785832,7.00,False,http://www.openphacts.org/units/Nanomolar,3107646,=,38,True,=,,IC50,nM,,100.0,CHEMBL4296073,Homo sapiens,Lysine-specific demethylase 5A/5B,9606,,,IC50,uM,UO_0000065,1.0,0.1
,18710854,[],CHEMBL4256954,Inhibition of KDM5A/KDM5B in human ZR-75-1 cells assessed as increase in H3K4me3 level after 72 hrs by fluorometric immunoblot analysis,B,,,BAO_0000190,BAO_0000219,cell-based format,Cc1ccc(COc2ccnn2-c2cc(C(=O)O)ccn2)cc1,,,CHEMBL4256941,,,"{'bei': '22.63', 'le': '0.42', 'lle': '4.15', 'sei': '9.06'}",CHEMBL4228087,,CHEMBL4228087,7.00,False,http://www.openphacts.org/units/Nanomolar,3107648,=,38,True,=,,IC50,nM,,100.0,CHEMBL4296073,Homo sapiens,Lysine-specific demethylase 5A/5B,9606,,,IC50,uM,UO_0000065,1.0,0.1
,18710855,[],CHEMBL4256954,Inhibition of KDM5A/KDM5B in human ZR-75-1 cells assessed as increase in H3K4me3 level after 72 hrs by fluorometric immunoblot analysis,B,,,BAO_0000190,BAO_0000219,cell-based format,CCc1ccc(COc2ccnn2-c2cc(C(=O)O)ccn2)cc1,,,CHEMBL4256941,,,"{'bei': '21.65', 'le': '0.40', 'lle': '3.89', 'sei': '9.06'}",CHEMBL4227237,,CHEMBL4227237,7.00,False,http://www.openphacts.org/units/Nanomolar,3107649,=,38,True,=,,IC50,nM,,100.0,CHEMBL4296073,Homo sapiens,Lysine-specific demethylase 5A/5B,9606,,,IC50,uM,UO_0000065,1.0,0.1
,18710856,[],CHEMBL4256954,Inhibition of KDM5A/KDM5B in human ZR-75-1 cells assessed as increase in H3K4me3 level after 72 hrs by fluorometric immunoblot analysis,B,,,BAO_0000190,BAO_0000219,cell-based format,O=C(O)c1ccnc(-n2nccc2OCc2ccc(Br)cc2)c1,,,CHEMBL4256941,,,"{'bei': '18.71', 'le': '0.42', 'lle': '3.69', 'sei': '9.06'}",CHEMBL4226978,,CHEMBL4226978,7.00,False,http://www.openphacts.org/units/Nanomolar,3107650,=,38,True,=,,IC50,nM,,100.0,CHEMBL4296073,Homo sapiens,Lysine-specific demethylase 5A/5B,9606,,,IC50,uM,UO_0000065,1.0,0.1
,18710857,[],CHEMBL4256954,Inhibition of KDM5A/KDM5B in human ZR-75-1 cells assessed as increase in H3K4me3 level after 72 hrs by fluorometric immunoblot analysis,B,,,BAO_0000190,BAO_0000219,cell-based format,O=C(O)c1ccnc(-n2nccc2OCc2cccc(Cl)c2)c1,,,CHEMBL4256941,,,"{'bei': '21.23', 'le': '0.42', 'lle': '3.80', 'sei': '9.06'}",CHEMBL4283131,,CHEMBL4283131,7.00,False,http://www.openphacts.org/units/Nanomolar,3107651,=,38,True,=,,IC50,nM,,100.0,CHEMBL4296073,Homo sapiens,Lysine-specific demethylase 5A/5B,9606,,,IC50,uM,UO_0000065,1.0,0.1
,18710858,[],CHEMBL4256954,Inhibition of KDM5A/KDM5B in human ZR-75-1 cells assessed as increase in H3K4me3 level after 72 hrs by fluorometric immunoblot analysis,B,,,BAO_0000190,BAO_0000219,cell-based format,COC(=O)c1ccnc(-n2nccc2OCc2ccc(F)cc2)c1,,,CHEMBL4256941,,,"{'bei': '18.33', 'le': '0.34', 'lle': '3.23', 'sei': '9.06'}",CHEMBL4277600,,CHEMBL4277600,6.00,False,http://www.openphacts.org/units/Nanomolar,3107655,=,38,True,=,,IC50,nM,,1000.0,CHEMBL4296073,Homo sapiens,Lysine-specific demethylase 5A/5B,9606,,,IC50,uM,UO_0000065,10.0,1.0
,18710859,[],CHEMBL4256954,Inhibition of KDM5A/KDM5B in human ZR-75-1 cells assessed as increase in H3K4me3 level after 72 hrs by fluorometric immunoblot analysis,B,,,BAO_0000190,BAO_0000219,cell-based format,COC(=O)c1ccnc(-n2nccc2OCc2ccc(F)c(F)c2)c1,,,CHEMBL4256941,,,"{'bei': '20.27', 'le': '0.38', 'lle': '4.09', 'sei': '10.57'}",CHEMBL4278625,,CHEMBL4278625,7.00,False,http://www.openphacts.org/units/Nanomolar,3107656,=,38,True,=,,IC50,nM,,100.0,CHEMBL4296073,Homo sapiens,Lysine-specific demethylase 5A/5B,9606,,,IC50,uM,UO_0000065,1.0,0.1
,18710860,[],CHEMBL4256954,Inhibition of KDM5A/KDM5B in human ZR-75-1 cells assessed as increase in H3K4me3 level after 72 hrs by fluorometric immunoblot analysis,B,,,BAO_0000190,BAO_0000219,cell-based format,COC(=O)c1ccnc(-n2nccc2OCc2ccc(Cl)cc2)c1,,,CHEMBL4256941,,,"{'bei': '20.36', 'le': '0.40', 'lle': '3.71', 'sei': '10.57'}",CHEMBL3786987,,CHEMBL3786987,7.00,False,http://www.openphacts.org/units/Nanomolar,3107657,=,38,True,=,,IC50,nM,,100.0,CHEMBL4296073,Homo sapiens,Lysine-specific demethylase 5A/5B,9606,,,IC50,uM,UO_0000065,1.0,0.1
,18710861,[],CHEMBL4256954,Inhibition of KDM5A/KDM5B in human ZR-75-1 cells assessed as increase in H3K4me3 level after 72 hrs by fluorometric immunoblot analysis,B,,,BAO_0000190,BAO_0000219,cell-based format,O=C(O)c1ccnc(-n2nccc2OCC2CCC(F)(F)CC2)c1,,,CHEMBL4256941,,,"{'bei': '17.79', 'le': '0.34', 'lle': '2.83', 'sei': '7.77'}",CHEMBL4282732,,CHEMBL4282732,6.00,False,http://www.openphacts.org/units/Nanomolar,3107658,=,38,True,=,,IC50,nM,,1000.0,CHEMBL4296073,Homo sapiens,Lysine-specific demethylase 5A/5B,9606,,,IC50,uM,UO_0000065,10.0,1.0
,18710862,[],CHEMBL4256954,Inhibition of KDM5A/KDM5B in human ZR-75-1 cells assessed as increase in H3K4me3 level after 72 hrs by fluorometric immunoblot analysis,B,,,BAO_0000190,BAO_0000219,cell-based format,O=C(O)c1ccnc(-n2nccc2OCc2cccc(Br)c2)c1,,,CHEMBL4256941,,,"{'bei': '16.03', 'le': '0.36', 'lle': '2.69', 'sei': '7.77'}",CHEMBL4288895,,CHEMBL4288895,6.00,False,http://www.openphacts.org/units/Nanomolar,3107659,=,38,True,=,,IC50,nM,,1000.0,CHEMBL4296073,Homo sapiens,Lysine-specific demethylase 5A/5B,9606,,,IC50,uM,UO_0000065,10.0,1.0
,18710863,[],CHEMBL4256954,Inhibition of KDM5A/KDM5B in human ZR-75-1 cells assessed as increase in H3K4me3 level after 72 hrs by fluorometric immunoblot analysis,B,,,BAO_0000190,BAO_0000219,cell-based format,O=C(O)c1ccnc(-n2nccc2OCc2ccc(Cl)c(F)c2)c1,,,CHEMBL4256941,,,"{'bei': '17.25', 'le': '0.34', 'lle': '2.66', 'sei': '7.77'}",CHEMBL4280347,,CHEMBL4280347,6.00,False,http://www.openphacts.org/units/Nanomolar,3107661,=,38,True,=,,IC50,nM,,1000.0,CHEMBL4296073,Homo sapiens,Lysine-specific demethylase 5A/5B,9606,,,IC50,uM,UO_0000065,10.0,1.0
,18710864,[],CHEMBL4256954,Inhibition of KDM5A/KDM5B in human ZR-75-1 cells assessed as increase in H3K4me3 level after 72 hrs by fluorometric immunoblot analysis,B,,,BAO_0000190,BAO_0000219,cell-based format,O=C(O)c1ccnc(-n2nccc2OCc2ccc(Cl)cc2F)c1,,,CHEMBL4256941,,,"{'bei': '17.25', 'le': '0.34', 'lle': '2.66', 'sei': '7.77'}",CHEMBL4228546,,CHEMBL4228546,6.00,False,http://www.openphacts.org/units/Nanomolar,3107662,=,38,True,=,,IC50,nM,,1000.0,CHEMBL4296073,Homo sapiens,Lysine-specific demethylase 5A/5B,9606,,,IC50,uM,UO_0000065,10.0,1.0
,18710865,[],CHEMBL4256954,Inhibition of KDM5A/KDM5B in human ZR-75-1 cells assessed as increase in H3K4me3 level after 72 hrs by fluorometric immunoblot analysis,B,,,BAO_0000190,BAO_0000219,cell-based format,O=C(O)c1ccnc(-n2nccc2OCc2ccc(F)c(Cl)c2)c1,,,CHEMBL4256941,,,"{'bei': '17.25', 'le': '0.34', 'lle': '2.66', 'sei': '7.77'}",CHEMBL4284429,,CHEMBL4284429,6.00,False,http://www.openphacts.org/units/Nanomolar,3107663,=,38,True,=,,IC50,nM,,1000.0,CHEMBL4296073,Homo sapiens,Lysine-specific demethylase 5A/5B,9606,,,IC50,uM,UO_0000065,10.0,1.0
,18710866,[],CHEMBL4256954,Inhibition of KDM5A/KDM5B in human ZR-75-1 cells assessed as increase in H3K4me3 level after 72 hrs by fluorometric immunoblot analysis,B,,,BAO_0000190,BAO_0000219,cell-based format,O=C(O)c1ccnc(-n2nccc2OCc2ccc(F)cc2F)c1,,,CHEMBL4256941,,,"{'bei': '18.11', 'le': '0.34', 'lle': '3.18', 'sei': '7.77'}",CHEMBL4277880,,CHEMBL4277880,6.00,False,http://www.openphacts.org/units/Nanomolar,3107669,=,38,True,=,,IC50,nM,,1000.0,CHEMBL4296073,Homo sapiens,Lysine-specific demethylase 5A/5B,9606,,,IC50,uM,UO_0000065,10.0,1.0
,18710867,[],CHEMBL4256954,Inhibition of KDM5A/KDM5B in human ZR-75-1 cells assessed as increase in H3K4me3 level after 72 hrs by fluorometric immunoblot analysis,B,,,BAO_0000190,BAO_0000219,cell-based format,O=C(O)c1ccnc(-n2nccc2OCc2ccc(Cl)c(Cl)c2)c1,,,CHEMBL4256941,,,"{'bei': '19.22', 'le': '0.40', 'lle': '3.15', 'sei': '9.06'}",CHEMBL4285149,,CHEMBL4285149,7.00,False,http://www.openphacts.org/units/Nanomolar,3107670,=,38,True,=,,IC50,nM,,100.0,CHEMBL4296073,Homo sapiens,Lysine-specific demethylase 5A/5B,9606,,,IC50,uM,UO_0000065,1.0,0.1
,18710868,[],CHEMBL4256954,Inhibition of KDM5A/KDM5B in human ZR-75-1 cells assessed as increase in H3K4me3 level after 72 hrs by fluorometric immunoblot analysis,B,,,BAO_0000190,BAO_0000219,cell-based format,Cc1cc(Cl)ccc1COc1ccnn1-c1cc(C(=O)O)ccn1,,,CHEMBL4256941,,,,CHEMBL3786952,,CHEMBL3786952,,False,http://www.openphacts.org/units/Nanomolar,3107672,<=,38,True,<=,,IC50,nM,,100.0,CHEMBL4296073,Homo sapiens,Lysine-specific demethylase 5A/5B,9606,,,IC50,uM,UO_0000065,,0.1
,18710869,[],CHEMBL4256954,Inhibition of KDM5A/KDM5B in human ZR-75-1 cells assessed as increase in H3K4me3 level after 72 hrs by fluorometric immunoblot analysis,B,,,BAO_0000190,BAO_0000219,cell-based format,COc1cc(Cl)ccc1COc1ccnn1-c1cc(C(=O)O)ccn1,,,CHEMBL4256941,,,"{'bei': '19.46', 'le': '0.38', 'lle': '3.79', 'sei': '8.10'}",CHEMBL4228292,,CHEMBL4228292,7.00,False,http://www.openphacts.org/units/Nanomolar,3107673,=,38,True,=,,IC50,nM,,100.0,CHEMBL4296073,Homo sapiens,Lysine-specific demethylase 5A/5B,9606,,,IC50,uM,UO_0000065,1.0,0.1
,18710870,[],CHEMBL4256954,Inhibition of KDM5A/KDM5B in human ZR-75-1 cells assessed as increase in H3K4me3 level after 72 hrs by fluorometric immunoblot analysis,B,,,BAO_0000190,BAO_0000219,cell-based format,Cc1ccc(COc2ccnn2-c2cc(C(=O)O)ccn2)cc1Cl,,,CHEMBL4256941,,,"{'bei': '20.36', 'le': '0.40', 'lle': '3.49', 'sei': '9.06'}",CHEMBL4286133,,CHEMBL4286133,7.00,False,http://www.openphacts.org/units/Nanomolar,3107675,=,38,True,=,,IC50,nM,,100.0,CHEMBL4296073,Homo sapiens,Lysine-specific demethylase 5A/5B,9606,,,IC50,uM,UO_0000065,1.0,0.1
,18710871,[],CHEMBL4256954,Inhibition of KDM5A/KDM5B in human ZR-75-1 cells assessed as increase in H3K4me3 level after 72 hrs by fluorometric immunoblot analysis,B,,,BAO_0000190,BAO_0000219,cell-based format,Cc1ccc(COc2ccnn2-c2cc(C(=O)O)ccn2)cc1F,,,CHEMBL4256941,,,"{'bei': '21.39', 'le': '0.40', 'lle': '4.01', 'sei': '9.06'}",CHEMBL4287180,,CHEMBL4287180,7.00,False,http://www.openphacts.org/units/Nanomolar,3107676,=,38,True,=,,IC50,nM,,100.0,CHEMBL4296073,Homo sapiens,Lysine-specific demethylase 5A/5B,9606,,,IC50,uM,UO_0000065,1.0,0.1
,18710872,[],CHEMBL4256954,Inhibition of KDM5A/KDM5B in human ZR-75-1 cells assessed as increase in H3K4me3 level after 72 hrs by fluorometric immunoblot analysis,B,,,BAO_0000190,BAO_0000219,cell-based format,Cc1ccc(COc2ccnn2-c2cc(C(=O)O)ccn2)c(F)c1F,,,CHEMBL4256941,,,"{'bei': '17.38', 'le': '0.33', 'lle': '2.87', 'sei': '7.77'}",CHEMBL4282102,,CHEMBL4282102,6.00,False,http://www.openphacts.org/units/Nanomolar,3107677,=,38,True,=,,IC50,nM,,1000.0,CHEMBL4296073,Homo sapiens,Lysine-specific demethylase 5A/5B,9606,,,IC50,uM,UO_0000065,10.0,1.0
,18710873,[],CHEMBL4256954,Inhibition of KDM5A/KDM5B in human ZR-75-1 cells assessed as increase in H3K4me3 level after 72 hrs by fluorometric immunoblot analysis,B,,,BAO_0000190,BAO_0000219,cell-based format,COC(=O)c1ccnc(-n2nccc2OCc2ccc(C#N)cc2)c1,,,CHEMBL4256941,,,"{'bei': '17.95', 'le': '0.33', 'lle': '3.50', 'sei': '6.66'}",CHEMBL4282651,,CHEMBL4282651,6.00,False,http://www.openphacts.org/units/Nanomolar,3107681,=,38,True,=,,IC50,nM,,1000.0,CHEMBL4296073,Homo sapiens,Lysine-specific demethylase 5A/5B,9606,,,IC50,uM,UO_0000065,10.0,1.0
,18710874,[],CHEMBL4256954,Inhibition of KDM5A/KDM5B in human ZR-75-1 cells assessed as increase in H3K4me3 level after 72 hrs by fluorometric immunoblot analysis,B,,,BAO_0000190,BAO_0000219,cell-based format,N#Cc1ccc(COc2ccnn2-c2cc(C(=O)O)ccn2)cc1,,,CHEMBL4256941,,,"{'bei': '21.85', 'le': '0.40', 'lle': '4.58', 'sei': '6.93'}",CHEMBL4229271,,CHEMBL4229271,7.00,False,http://www.openphacts.org/units/Nanomolar,3107682,=,38,True,=,,IC50,nM,,100.0,CHEMBL4296073,Homo sapiens,Lysine-specific demethylase 5A/5B,9606,,,IC50,uM,UO_0000065,1.0,0.1
,18710875,[],CHEMBL4256954,Inhibition of KDM5A/KDM5B in human ZR-75-1 cells assessed as increase in H3K4me3 level after 72 hrs by fluorometric immunoblot analysis,B,,,BAO_0000190,BAO_0000219,cell-based format,CCOc1cc(Cl)ccc1COc1ccnn1-c1cc(C(=O)O)ccn1,,,CHEMBL4256941,,,"{'bei': '18.73', 'le': '0.37', 'lle': '3.40', 'sei': '8.10'}",CHEMBL4229264,,CHEMBL4229264,7.00,False,http://www.openphacts.org/units/Nanomolar,3107692,=,38,True,=,,IC50,nM,,100.0,CHEMBL4296073,Homo sapiens,Lysine-specific demethylase 5A/5B,9606,,,IC50,uM,UO_0000065,1.0,0.1
,18710876,[],CHEMBL4256954,Inhibition of KDM5A/KDM5B in human ZR-75-1 cells assessed as increase in H3K4me3 level after 72 hrs by fluorometric immunoblot analysis,B,,,BAO_0000190,BAO_0000219,cell-based format,O=C(O)c1ccnc(-n2nccc2OCc2ccc(Cl)cc2OCc2ccc(F)cc2)c1,,,CHEMBL4256941,,,"{'bei': '13.22', 'le': '0.26', 'lle': '1.08', 'sei': '6.94'}",CHEMBL4289695,,CHEMBL4289695,6.00,False,http://www.openphacts.org/units/Nanomolar,3107694,=,38,True,=,,IC50,nM,,1000.0,CHEMBL4296073,Homo sapiens,Lysine-specific demethylase 5A/5B,9606,,,IC50,uM,UO_0000065,10.0,1.0
,18710877,[],CHEMBL4256954,Inhibition of KDM5A/KDM5B in human ZR-75-1 cells assessed as increase in H3K4me3 level after 72 hrs by fluorometric immunoblot analysis,B,,,BAO_0000190,BAO_0000219,cell-based format,O=C(O)c1ccnc(-n2nccc2OCc2ccc(F)cc2OCc2ccc(F)cc2)c1,,,CHEMBL4256941,,,"{'bei': '13.72', 'le': '0.26', 'lle': '1.60', 'sei': '6.94'}",CHEMBL4290069,,CHEMBL4290069,6.00,False,http://www.openphacts.org/units/Nanomolar,3107695,=,38,True,=,,IC50,nM,,1000.0,CHEMBL4296073,Homo sapiens,Lysine-specific demethylase 5A/5B,9606,,,IC50,uM,UO_0000065,10.0,1.0
,18710878,[],CHEMBL4256954,Inhibition of KDM5A/KDM5B in human ZR-75-1 cells assessed as increase in H3K4me3 level after 72 hrs by fluorometric immunoblot analysis,B,,,BAO_0000190,BAO_0000219,cell-based format,O=C(O)c1ccnc(-n2nccc2OCc2ccc(F)cc2CCc2ccc(F)cc2)c1,,,CHEMBL4256941,,,"{'bei': '13.78', 'le': '0.26', 'lle': '1.39', 'sei': '7.77'}",CHEMBL4295216,,CHEMBL4295216,6.00,False,http://www.openphacts.org/units/Nanomolar,3107698,=,38,True,=,,IC50,nM,,1000.0,CHEMBL4296073,Homo sapiens,Lysine-specific demethylase 5A/5B,9606,,,IC50,uM,UO_0000065,10.0,1.0
,18710879,[],CHEMBL4256954,Inhibition of KDM5A/KDM5B in human ZR-75-1 cells assessed as increase in H3K4me3 level after 72 hrs by fluorometric immunoblot analysis,B,,,BAO_0000190,BAO_0000219,cell-based format,CC1(C)Cc2cccc(COc3ccnn3-c3cc(C(=O)O)ccn3)c2O1,,,CHEMBL4256941,,,,CHEMBL4285045,,CHEMBL4285045,,False,http://www.openphacts.org/units/Nanomolar,3107701,>,38,True,>,,IC50,nM,,10000.0,CHEMBL4296073,Homo sapiens,Lysine-specific demethylase 5A/5B,9606,,,IC50,uM,UO_0000065,,10.0
,18710880,[],CHEMBL4256954,Inhibition of KDM5A/KDM5B in human ZR-75-1 cells assessed as increase in H3K4me3 level after 72 hrs by fluorometric immunoblot analysis,B,,,BAO_0000190,BAO_0000219,cell-based format,Cc1cc(C#N)ccc1COc1ccnn1-c1cc(C(=O)O)ccn1,,,CHEMBL4256941,,,"{'bei': '17.95', 'le': '0.33', 'lle': '3.28', 'sei': '5.94'}",CHEMBL4284014,,CHEMBL4284014,6.00,False,http://www.openphacts.org/units/Nanomolar,3107702,=,38,True,=,,IC50,nM,,1000.0,CHEMBL4296073,Homo sapiens,Lysine-specific demethylase 5A/5B,9606,,,IC50,uM,UO_0000065,10.0,1.0
,18710881,[],CHEMBL4256954,Inhibition of KDM5A/KDM5B in human ZR-75-1 cells assessed as increase in H3K4me3 level after 72 hrs by fluorometric immunoblot analysis,B,,,BAO_0000190,BAO_0000219,cell-based format,CCc1cc(C#N)ccc1COc1ccnn1-c1cc(C(=O)O)ccn1,,,CHEMBL4256941,,,,CHEMBL4287035,,CHEMBL4287035,,False,http://www.openphacts.org/units/Nanomolar,3107703,>,38,True,>,,IC50,nM,,10000.0,CHEMBL4296073,Homo sapiens,Lysine-specific demethylase 5A/5B,9606,,,IC50,uM,UO_0000065,,10.0
,18710882,[],CHEMBL4256954,Inhibition of KDM5A/KDM5B in human ZR-75-1 cells assessed as increase in H3K4me3 level after 72 hrs by fluorometric immunoblot analysis,B,,,BAO_0000190,BAO_0000219,cell-based format,CCc1cc(Cl)ccc1COc1ccnn1-c1cc(C(=O)O)ccn1,,,CHEMBL4256941,,,"{'bei': '16.77', 'le': '0.33', 'lle': '2.24', 'sei': '7.77'}",CHEMBL4285436,,CHEMBL4285436,6.00,False,http://www.openphacts.org/units/Nanomolar,3107704,=,38,True,=,,IC50,nM,,1000.0,CHEMBL4296073,Homo sapiens,Lysine-specific demethylase 5A/5B,9606,,,IC50,uM,UO_0000065,10.0,1.0
,18710883,[],CHEMBL4256954,Inhibition of KDM5A/KDM5B in human ZR-75-1 cells assessed as increase in H3K4me3 level after 72 hrs by fluorometric immunoblot analysis,B,,,BAO_0000190,BAO_0000219,cell-based format,Cc1cc(F)ccc1COc1ccnn1-c1cc(C(=O)O)ccn1,,,CHEMBL4256941,,,"{'bei': '21.39', 'le': '0.40', 'lle': '4.01', 'sei': '9.06'}",CHEMBL4279777,,CHEMBL4279777,7.00,False,http://www.openphacts.org/units/Nanomolar,3107705,=,38,True,=,,IC50,nM,,100.0,CHEMBL4296073,Homo sapiens,Lysine-specific demethylase 5A/5B,9606,,,IC50,uM,UO_0000065,1.0,0.1
,18710884,[],CHEMBL4256954,Inhibition of KDM5A/KDM5B in human ZR-75-1 cells assessed as increase in H3K4me3 level after 72 hrs by fluorometric immunoblot analysis,B,,,BAO_0000190,BAO_0000219,cell-based format,CCc1cc(F)ccc1COc1ccnn1-c1cc(C(=O)O)ccn1,,,CHEMBL4256941,,,"{'bei': '17.58', 'le': '0.33', 'lle': '2.75', 'sei': '7.77'}",CHEMBL4278739,,CHEMBL4278739,6.00,False,http://www.openphacts.org/units/Nanomolar,3107706,=,38,True,=,,IC50,nM,,1000.0,CHEMBL4296073,Homo sapiens,Lysine-specific demethylase 5A/5B,9606,,,IC50,uM,UO_0000065,10.0,1.0
,18710885,[],CHEMBL4256954,Inhibition of KDM5A/KDM5B in human ZR-75-1 cells assessed as increase in H3K4me3 level after 72 hrs by fluorometric immunoblot analysis,B,,,BAO_0000190,BAO_0000219,cell-based format,Cc1ccc(COc2ccnn2-c2cc(C(=O)O)ccn2)c(Cl)c1,,,CHEMBL4256941,,,"{'bei': '17.45', 'le': '0.34', 'lle': '2.49', 'sei': '7.77'}",CHEMBL4283926,,CHEMBL4283926,6.00,False,http://www.openphacts.org/units/Nanomolar,3107707,=,38,True,=,,IC50,nM,,1000.0,CHEMBL4296073,Homo sapiens,Lysine-specific demethylase 5A/5B,9606,,,IC50,uM,UO_0000065,10.0,1.0
,18710886,[],CHEMBL4256954,Inhibition of KDM5A/KDM5B in human ZR-75-1 cells assessed as increase in H3K4me3 level after 72 hrs by fluorometric immunoblot analysis,B,,,BAO_0000190,BAO_0000219,cell-based format,Cc1ccc(COc2ccnn2-c2cc(C(=O)O)ccn2)c(F)c1,,,CHEMBL4256941,,,"{'bei': '18.33', 'le': '0.34', 'lle': '3.01', 'sei': '7.77'}",CHEMBL4282868,,CHEMBL4282868,6.00,False,http://www.openphacts.org/units/Nanomolar,3107708,=,38,True,=,,IC50,nM,,1000.0,CHEMBL4296073,Homo sapiens,Lysine-specific demethylase 5A/5B,9606,,,IC50,uM,UO_0000065,10.0,1.0
,18710887,[],CHEMBL4256954,Inhibition of KDM5A/KDM5B in human ZR-75-1 cells assessed as increase in H3K4me3 level after 72 hrs by fluorometric immunoblot analysis,B,,,BAO_0000190,BAO_0000219,cell-based format,Cc1ccc(COc2ccnn2-c2cc(C(=O)O)ccn2)c(C)c1,,,CHEMBL4256941,,,"{'bei': '21.65', 'le': '0.40', 'lle': '3.84', 'sei': '9.06'}",CHEMBL4289921,,CHEMBL4289921,7.00,False,http://www.openphacts.org/units/Nanomolar,3107709,=,38,True,=,,IC50,nM,,100.0,CHEMBL4296073,Homo sapiens,Lysine-specific demethylase 5A/5B,9606,,,IC50,uM,UO_0000065,1.0,0.1
,18710888,[],CHEMBL4256954,Inhibition of KDM5A/KDM5B in human ZR-75-1 cells assessed as increase in H3K4me3 level after 72 hrs by fluorometric immunoblot analysis,B,,,BAO_0000190,BAO_0000219,cell-based format,COc1cc(C)ccc1COc1ccnn1-c1cc(C(=O)O)ccn1,,,CHEMBL4256941,,,"{'bei': '20.63', 'le': '0.38', 'lle': '4.14', 'sei': '8.10'}",CHEMBL4288884,,CHEMBL4288884,7.00,False,http://www.openphacts.org/units/Nanomolar,3107710,=,38,True,=,,IC50,nM,,100.0,CHEMBL4296073,Homo sapiens,Lysine-specific demethylase 5A/5B,9606,,,IC50,uM,UO_0000065,1.0,0.1
,18710889,[],CHEMBL4256954,Inhibition of KDM5A/KDM5B in human ZR-75-1 cells assessed as increase in H3K4me3 level after 72 hrs by fluorometric immunoblot analysis,B,,,BAO_0000190,BAO_0000219,cell-based format,Cc1ccc(COc2ccnn2-c2cc(C(=O)O)ccn2)c(C#N)c1,,,CHEMBL4256941,,,"{'bei': '17.95', 'le': '0.33', 'lle': '3.28', 'sei': '5.94'}",CHEMBL4278583,,CHEMBL4278583,6.00,False,http://www.openphacts.org/units/Nanomolar,3107711,=,38,True,=,,IC50,nM,,1000.0,CHEMBL4296073,Homo sapiens,Lysine-specific demethylase 5A/5B,9606,,,IC50,uM,UO_0000065,10.0,1.0
,18710890,[],CHEMBL4256954,Inhibition of KDM5A/KDM5B in human ZR-75-1 cells assessed as increase in H3K4me3 level after 72 hrs by fluorometric immunoblot analysis,B,,,BAO_0000190,BAO_0000219,cell-based format,CC(Oc1cc(Cl)ccc1COc1ccnn1-c1cc(C(=O)O)ccn1)c1ccccc1,,,CHEMBL4256941,,,"{'bei': '13.34', 'le': '0.26', 'lle': '0.66', 'sei': '6.94'}",CHEMBL4293050,,CHEMBL4293050,6.00,False,http://www.openphacts.org/units/Nanomolar,3107713,=,38,True,=,,IC50,nM,,1000.0,CHEMBL4296073,Homo sapiens,Lysine-specific demethylase 5A/5B,9606,,,IC50,uM,UO_0000065,10.0,1.0
,18710891,[],CHEMBL4256954,Inhibition of KDM5A/KDM5B in human ZR-75-1 cells assessed as increase in H3K4me3 level after 72 hrs by fluorometric immunoblot analysis,B,,,BAO_0000190,BAO_0000219,cell-based format,CC(Oc1cc(F)ccc1COc1ccnn1-c1cc(C(=O)O)ccn1)c1ccccc1,,,CHEMBL4256941,,,"{'bei': '13.84', 'le': '0.26', 'lle': '1.18', 'sei': '6.94'}",CHEMBL4294087,,CHEMBL4294087,6.00,False,http://www.openphacts.org/units/Nanomolar,3107714,=,38,True,=,,IC50,nM,,1000.0,CHEMBL4296073,Homo sapiens,Lysine-specific demethylase 5A/5B,9606,,,IC50,uM,UO_0000065,10.0,1.0
,18710892,[],CHEMBL4256954,Inhibition of KDM5A/KDM5B in human ZR-75-1 cells assessed as increase in H3K4me3 level after 72 hrs by fluorometric immunoblot analysis,B,,,BAO_0000190,BAO_0000219,cell-based format,O=C(O)c1ccnc(-n2nccc2OCc2ccc(Cl)c(OCc3ccc(F)cc3)c2)c1,,,CHEMBL4256941,,,"{'bei': '13.22', 'le': '0.26', 'lle': '1.08', 'sei': '6.94'}",CHEMBL4289000,,CHEMBL4289000,6.00,False,http://www.openphacts.org/units/Nanomolar,3107715,=,38,True,=,,IC50,nM,,1000.0,CHEMBL4296073,Homo sapiens,Lysine-specific demethylase 5A/5B,9606,,,IC50,uM,UO_0000065,10.0,1.0
,18710893,[],CHEMBL4256954,Inhibition of KDM5A/KDM5B in human ZR-75-1 cells assessed as increase in H3K4me3 level after 72 hrs by fluorometric immunoblot analysis,B,,,BAO_0000190,BAO_0000219,cell-based format,O=C(O)c1ccnc(-n2nccc2OCc2ccc(F)c(OCc3ccc(F)cc3)c2)c1,,,CHEMBL4256941,,,"{'bei': '16.00', 'le': '0.30', 'lle': '2.60', 'sei': '8.10'}",CHEMBL4292686,,CHEMBL4292686,7.00,False,http://www.openphacts.org/units/Nanomolar,3107716,=,38,True,=,,IC50,nM,,100.0,CHEMBL4296073,Homo sapiens,Lysine-specific demethylase 5A/5B,9606,,,IC50,uM,UO_0000065,1.0,0.1
,18710894,[],CHEMBL4256954,Inhibition of KDM5A/KDM5B in human ZR-75-1 cells assessed as increase in H3K4me3 level after 72 hrs by fluorometric immunoblot analysis,B,,,BAO_0000190,BAO_0000219,cell-based format,O=C(O)c1ccnc(-n2nccc2OCc2ccc(Cl)c(OCC3CC3)c2)c1,,,CHEMBL4256941,,,"{'bei': '15.01', 'le': '0.29', 'lle': '2.01', 'sei': '6.94'}",CHEMBL4287561,,CHEMBL4287561,6.00,False,http://www.openphacts.org/units/Nanomolar,3107717,=,38,True,=,,IC50,nM,,1000.0,CHEMBL4296073,Homo sapiens,Lysine-specific demethylase 5A/5B,9606,,,IC50,uM,UO_0000065,10.0,1.0
,18710895,[],CHEMBL4256954,Inhibition of KDM5A/KDM5B in human ZR-75-1 cells assessed as increase in H3K4me3 level after 72 hrs by fluorometric immunoblot analysis,B,,,BAO_0000190,BAO_0000219,cell-based format,O=C(O)c1ccnc(-n2nccc2OCc2ccc(Cl)c(OCC(F)(F)F)c2)c1,,,CHEMBL4256941,,,"{'bei': '14.03', 'le': '0.28', 'lle': '1.86', 'sei': '6.94'}",CHEMBL4288613,,CHEMBL4288613,6.00,False,http://www.openphacts.org/units/Nanomolar,3107718,=,38,True,=,,IC50,nM,,1000.0,CHEMBL4296073,Homo sapiens,Lysine-specific demethylase 5A/5B,9606,,,IC50,uM,UO_0000065,10.0,1.0
,18710896,[],CHEMBL4256954,Inhibition of KDM5A/KDM5B in human ZR-75-1 cells assessed as increase in H3K4me3 level after 72 hrs by fluorometric immunoblot analysis,B,,,BAO_0000190,BAO_0000219,cell-based format,Cc1cc(Br)ccc1COc1ccnn1-c1cc(C(=O)O)ccn1,,,CHEMBL4256941,,,"{'bei': '15.46', 'le': '0.34', 'lle': '2.38', 'sei': '7.77'}",CHEMBL4281578,,CHEMBL4281578,6.00,False,http://www.openphacts.org/units/Nanomolar,3107719,=,38,True,=,,IC50,nM,,1000.0,CHEMBL4296073,Homo sapiens,Lysine-specific demethylase 5A/5B,9606,,,IC50,uM,UO_0000065,10.0,1.0
,18710897,[],CHEMBL4256954,Inhibition of KDM5A/KDM5B in human ZR-75-1 cells assessed as increase in H3K4me3 level after 72 hrs by fluorometric immunoblot analysis,B,,,BAO_0000190,BAO_0000219,cell-based format,Cc1cc(I)ccc1COc1ccnn1-c1cc(C(=O)O)ccn1,,,CHEMBL4256941,,,"{'bei': '13.79', 'le': '0.34', 'lle': '2.54', 'sei': '7.77'}",CHEMBL4289769,,CHEMBL4289769,6.00,False,http://www.openphacts.org/units/Nanomolar,3107721,=,38,True,=,,IC50,nM,,1000.0,CHEMBL4296073,Homo sapiens,Lysine-specific demethylase 5A/5B,9606,,,IC50,uM,UO_0000065,10.0,1.0
,18710898,[],CHEMBL4256954,Inhibition of KDM5A/KDM5B in human ZR-75-1 cells assessed as increase in H3K4me3 level after 72 hrs by fluorometric immunoblot analysis,B,,,BAO_0000190,BAO_0000219,cell-based format,COc1cc(I)ccc1COc1ccnn1-c1cc(C(=O)O)ccn1,,,CHEMBL4256941,,,"{'bei': '13.30', 'le': '0.33', 'lle': '2.84', 'sei': '6.94'}",CHEMBL4290799,,CHEMBL4290799,6.00,False,http://www.openphacts.org/units/Nanomolar,3107722,=,38,True,=,,IC50,nM,,1000.0,CHEMBL4296073,Homo sapiens,Lysine-specific demethylase 5A/5B,9606,,,IC50,uM,UO_0000065,10.0,1.0
,18710899,[],CHEMBL4256954,Inhibition of KDM5A/KDM5B in human ZR-75-1 cells assessed as increase in H3K4me3 level after 72 hrs by fluorometric immunoblot analysis,B,,,BAO_0000190,BAO_0000219,cell-based format,CCc1ccc(COc2ccnn2-c2cc(C(=O)O)ccn2)c(F)c1,,,CHEMBL4256941,,,"{'bei': '17.58', 'le': '0.33', 'lle': '2.75', 'sei': '7.77'}",CHEMBL4292524,,CHEMBL4292524,6.00,False,http://www.openphacts.org/units/Nanomolar,3107728,=,38,True,=,,IC50,nM,,1000.0,CHEMBL4296073,Homo sapiens,Lysine-specific demethylase 5A/5B,9606,,,IC50,uM,UO_0000065,10.0,1.0
,18716468,[],CHEMBL4257286,Inhibition of KDM5A/KDM5B in human ZR-75-1 cells assessed as increase in H3K4me3 level after 72 hrs by fluorometric immunoblot analysis,B,,,BAO_0000190,BAO_0000219,cell-based format,Cn1cnc(-c2cc(C(=O)O)ccn2)c1,,,CHEMBL4257223,,,,CHEMBL3787133,,CHEMBL3787133,,False,http://www.openphacts.org/units/Nanomolar,3109065,>,38,True,>,,IC50,nM,,10000.0,CHEMBL4296073,Homo sapiens,Lysine-specific demethylase 5A/5B,9606,,,IC50,uM,UO_0000065,,10.0
,18716469,[],CHEMBL4257286,Inhibition of KDM5A/KDM5B in human ZR-75-1 cells assessed as increase in H3K4me3 level after 72 hrs by fluorometric immunoblot analysis,B,,,BAO_0000190,BAO_0000219,cell-based format,Cc1ccc(-c2c(-c3cc(C(=O)O)ccn3)ncn2C)cc1O,,,CHEMBL4257223,,,,CHEMBL4292111,,CHEMBL4292111,,False,http://www.openphacts.org/units/Nanomolar,3109067,>,38,True,>,,IC50,nM,,10000.0,CHEMBL4296073,Homo sapiens,Lysine-specific demethylase 5A/5B,9606,,,IC50,uM,UO_0000065,,10.0
,18716470,[],CHEMBL4257286,Inhibition of KDM5A/KDM5B in human ZR-75-1 cells assessed as increase in H3K4me3 level after 72 hrs by fluorometric immunoblot analysis,B,,,BAO_0000190,BAO_0000219,cell-based format,Cn1cnc(-c2cc(C(=O)O)ccn2)c1-c1ccc(C2CC2)cc1,,,CHEMBL4257223,,,,CHEMBL4284869,,CHEMBL4284869,,False,http://www.openphacts.org/units/Nanomolar,3109071,>,38,True,>,,IC50,nM,,10000.0,CHEMBL4296073,Homo sapiens,Lysine-specific demethylase 5A/5B,9606,,,IC50,uM,UO_0000065,,10.0
,18716471,[],CHEMBL4257286,Inhibition of KDM5A/KDM5B in human ZR-75-1 cells assessed as increase in H3K4me3 level after 72 hrs by fluorometric immunoblot analysis,B,,,BAO_0000190,BAO_0000219,cell-based format,COc1ccc(-c2c(-c3cc(C(=O)O)ccn3)ncn2C)cc1,,,CHEMBL4257223,,,"{'bei': '19.40', 'le': '0.36', 'lle': '3.14', 'sei': '7.77'}",CHEMBL3786803,,CHEMBL3786803,6.00,False,http://www.openphacts.org/units/Nanomolar,3109075,=,38,True,=,,IC50,nM,,1000.0,CHEMBL4296073,Homo sapiens,Lysine-specific demethylase 5A/5B,9606,,,IC50,uM,UO_0000065,10.0,1.0
,18716472,[],CHEMBL4257286,Inhibition of KDM5A/KDM5B in human ZR-75-1 cells assessed as increase in H3K4me3 level after 72 hrs by fluorometric immunoblot analysis,B,,,BAO_0000190,BAO_0000219,cell-based format,Cn1cnc(-c2cc(C(=O)O)ccn2)c1-c1ccc(-n2cccn2)cc1,,,CHEMBL4257223,,,"{'bei': '17.37', 'le': '0.32', 'lle': '2.97', 'sei': '6.99'}",CHEMBL4286418,,CHEMBL4286418,6.00,False,http://www.openphacts.org/units/Nanomolar,3109078,=,38,True,=,,IC50,nM,,1000.0,CHEMBL4296073,Homo sapiens,Lysine-specific demethylase 5A/5B,9606,,,IC50,uM,UO_0000065,10.0,1.0
,18716473,[],CHEMBL4257286,Inhibition of KDM5A/KDM5B in human ZR-75-1 cells assessed as increase in H3K4me3 level after 72 hrs by fluorometric immunoblot analysis,B,,,BAO_0000190,BAO_0000219,cell-based format,Cn1cnc(-c2cc(C(=O)O)ccn2)c1-c1ccc(OCC2CC2)cc1,,,CHEMBL4257223,,,"{'bei': '17.17', 'le': '0.32', 'lle': '2.36', 'sei': '7.77'}",CHEMBL3787664,,CHEMBL3787664,6.00,False,http://www.openphacts.org/units/Nanomolar,3109079,=,38,True,=,,IC50,nM,,1000.0,CHEMBL4296073,Homo sapiens,Lysine-specific demethylase 5A/5B,9606,,,IC50,uM,UO_0000065,10.0,1.0
,18716474,[],CHEMBL4257286,Inhibition of KDM5A/KDM5B in human ZR-75-1 cells assessed as increase in H3K4me3 level after 72 hrs by fluorometric immunoblot analysis,B,,,BAO_0000190,BAO_0000219,cell-based format,Cn1cnc(-c2cc(C(=O)O)ccn2)c1-c1ccc(N2CCCC2)cc1,,,CHEMBL4257223,,,"{'bei': '17.22', 'le': '0.32', 'lle': '2.55', 'sei': '8.42'}",CHEMBL4278099,,CHEMBL4278099,6.00,False,http://www.openphacts.org/units/Nanomolar,3109081,=,38,True,=,,IC50,nM,,1000.0,CHEMBL4296073,Homo sapiens,Lysine-specific demethylase 5A/5B,9606,,,IC50,uM,UO_0000065,10.0,1.0
,18716475,[],CHEMBL4257286,Inhibition of KDM5A/KDM5B in human ZR-75-1 cells assessed as increase in H3K4me3 level after 72 hrs by fluorometric immunoblot analysis,B,,,BAO_0000190,BAO_0000219,cell-based format,Cn1cnc(-c2cc(C(=O)O)ccn2)c1-c1ccc(Cl)cc1,,,CHEMBL4257223,,,"{'bei': '19.12', 'le': '0.37', 'lle': '2.50', 'sei': '8.82'}",CHEMBL4279120,,CHEMBL4279120,6.00,False,http://www.openphacts.org/units/Nanomolar,3109082,=,38,True,=,,IC50,nM,,1000.0,CHEMBL4296073,Homo sapiens,Lysine-specific demethylase 5A/5B,9606,,,IC50,uM,UO_0000065,10.0,1.0
,18716476,[],CHEMBL4257286,Inhibition of KDM5A/KDM5B in human ZR-75-1 cells assessed as increase in H3K4me3 level after 72 hrs by fluorometric immunoblot analysis,B,,,BAO_0000190,BAO_0000219,cell-based format,Cn1cnc(-c2cc(C(=O)O)ccn2)c1-c1cccc(Cl)c1,,,CHEMBL4257223,,,,CHEMBL4280936,,CHEMBL4280936,,False,http://www.openphacts.org/units/Nanomolar,3109083,>,38,True,>,,IC50,nM,,10000.0,CHEMBL4296073,Homo sapiens,Lysine-specific demethylase 5A/5B,9606,,,IC50,uM,UO_0000065,,10.0
,18716477,[],CHEMBL4257286,Inhibition of KDM5A/KDM5B in human ZR-75-1 cells assessed as increase in H3K4me3 level after 72 hrs by fluorometric immunoblot analysis,B,,,BAO_0000190,BAO_0000219,cell-based format,Cn1cnc(-c2cc(C(=O)O)ccn2)c1-c1ccc2cc[nH]c2c1,,,CHEMBL4257223,,,,CHEMBL4285037,,CHEMBL4285037,,False,http://www.openphacts.org/units/Nanomolar,3109085,>,38,True,>,,IC50,nM,,10000.0,CHEMBL4296073,Homo sapiens,Lysine-specific demethylase 5A/5B,9606,,,IC50,uM,UO_0000065,,10.0
,18716478,[],CHEMBL4257286,Inhibition of KDM5A/KDM5B in human ZR-75-1 cells assessed as increase in H3K4me3 level after 72 hrs by fluorometric immunoblot analysis,B,,,BAO_0000190,BAO_0000219,cell-based format,Cn1cnc(-c2cc(C(=O)O)ccn2)c1-c1ccc(F)cc1,,,CHEMBL4257223,,,"{'bei': '20.18', 'le': '0.37', 'lle': '3.01', 'sei': '8.82'}",CHEMBL4284008,,CHEMBL4284008,6.00,False,http://www.openphacts.org/units/Nanomolar,3109086,=,38,True,=,,IC50,nM,,1000.0,CHEMBL4296073,Homo sapiens,Lysine-specific demethylase 5A/5B,9606,,,IC50,uM,UO_0000065,10.0,1.0
,18716479,[],CHEMBL4257286,Inhibition of KDM5A/KDM5B in human ZR-75-1 cells assessed as increase in H3K4me3 level after 72 hrs by fluorometric immunoblot analysis,B,,,BAO_0000190,BAO_0000219,cell-based format,Cn1cnc(-c2cc(C(=O)O)ccn2)c1-c1ccc(Cl)c(F)c1,,,CHEMBL4257223,,,,CHEMBL4285705,,CHEMBL4285705,,False,http://www.openphacts.org/units/Nanomolar,3109092,>,38,True,>,,IC50,nM,,10000.0,CHEMBL4296073,Homo sapiens,Lysine-specific demethylase 5A/5B,9606,,,IC50,uM,UO_0000065,,10.0
,18716480,[],CHEMBL4257286,Inhibition of KDM5A/KDM5B in human ZR-75-1 cells assessed as increase in H3K4me3 level after 72 hrs by fluorometric immunoblot analysis,B,,,BAO_0000190,BAO_0000219,cell-based format,CCCn1cnc(-c2cc(C(=O)O)ccn2)c1-c1ccc(Cl)c(F)c1,,,CHEMBL4257223,,,,CHEMBL4288587,,CHEMBL4288587,,False,http://www.openphacts.org/units/Nanomolar,3109098,>,38,True,>,,IC50,nM,,10000.0,CHEMBL4296073,Homo sapiens,Lysine-specific demethylase 5A/5B,9606,,,IC50,uM,UO_0000065,,10.0
,18716481,[],CHEMBL4257286,Inhibition of KDM5A/KDM5B in human ZR-75-1 cells assessed as increase in H3K4me3 level after 72 hrs by fluorometric immunoblot analysis,B,,,BAO_0000190,BAO_0000219,cell-based format,CN(C)CCn1cnc(-c2cc(C(=O)O)ccn2)c1,,,CHEMBL4257223,,,"{'bei': '23.05', 'le': '0.43', 'lle': '4.80', 'sei': '8.42'}",CHEMBL4278927,,CHEMBL4278927,6.00,False,http://www.openphacts.org/units/Nanomolar,3109103,=,38,True,=,,IC50,nM,,1000.0,CHEMBL4296073,Homo sapiens,Lysine-specific demethylase 5A/5B,9606,,,IC50,uM,UO_0000065,10.0,1.0
,18716482,[],CHEMBL4257286,Inhibition of KDM5A/KDM5B in human ZR-75-1 cells assessed as increase in H3K4me3 level after 72 hrs by fluorometric immunoblot analysis,B,,,BAO_0000190,BAO_0000219,cell-based format,CCCn1cnc(-c2cc(C(=O)O)ccn2)c1,,,CHEMBL4257223,,,"{'bei': '25.95', 'le': '0.48', 'lle': '3.95', 'sei': '8.82'}",CHEMBL4283132,,CHEMBL4283132,6.00,False,http://www.openphacts.org/units/Nanomolar,3109104,=,38,True,=,,IC50,nM,,1000.0,CHEMBL4296073,Homo sapiens,Lysine-specific demethylase 5A/5B,9606,,,IC50,uM,UO_0000065,10.0,1.0
,18716483,[],CHEMBL4257286,Inhibition of KDM5A/KDM5B in human ZR-75-1 cells assessed as increase in H3K4me3 level after 72 hrs by fluorometric immunoblot analysis,B,,,BAO_0000190,BAO_0000219,cell-based format,O=C(O)c1ccnc(-c2cn(CCN3CCCC3)cn2)c1,,,CHEMBL4257223,,,,CHEMBL4294777,,CHEMBL4294777,,False,http://www.openphacts.org/units/Nanomolar,3109106,>,38,True,>,,IC50,nM,,10000.0,CHEMBL4296073,Homo sapiens,Lysine-specific demethylase 5A/5B,9606,,,IC50,uM,UO_0000065,,10.0
,18716484,[],CHEMBL4257286,Inhibition of KDM5A/KDM5B in human ZR-75-1 cells assessed as increase in H3K4me3 level after 72 hrs by fluorometric immunoblot analysis,B,,,BAO_0000190,BAO_0000219,cell-based format,Cn1cnc(-c2cc(-c3nnn[nH]3)ccn2)c1,,,CHEMBL4257223,,,,CHEMBL3786225,,CHEMBL3786225,,False,http://www.openphacts.org/units/Nanomolar,3109123,>,38,True,>,,IC50,nM,,10000.0,CHEMBL4296073,Homo sapiens,Lysine-specific demethylase 5A/5B,9606,,,IC50,uM,UO_0000065,,10.0
,18716485,[],CHEMBL4257286,Inhibition of KDM5A/KDM5B in human ZR-75-1 cells assessed as increase in H3K4me3 level after 72 hrs by fluorometric immunoblot analysis,B,,,BAO_0000190,BAO_0000219,cell-based format,O=C(O)c1ccnc(-c2cn(CCN(Cc3ccc(F)cc3)C3CC3)cn2)c1,,,CHEMBL4257223,,,"{'bei': '15.77', 'le': '0.29', 'lle': '2.55', 'sei': '8.42'}",CHEMBL4288875,,CHEMBL4288875,6.00,False,http://www.openphacts.org/units/Nanomolar,3109132,=,38,True,=,,IC50,nM,,1000.0,CHEMBL4296073,Homo sapiens,Lysine-specific demethylase 5A/5B,9606,,,IC50,uM,UO_0000065,10.0,1.0
,18716486,[],CHEMBL4257286,Inhibition of KDM5A/KDM5B in human ZR-75-1 cells assessed as increase in H3K4me3 level after 72 hrs by fluorometric immunoblot analysis,B,,,BAO_0000190,BAO_0000219,cell-based format,O=C(O)c1ccnc(-c2cn(CCNCC3CCC(F)(F)CC3)cn2)c1,,,CHEMBL4257223,,,"{'bei': '16.47', 'le': '0.32', 'lle': '2.94', 'sei': '7.50'}",CHEMBL4280142,,CHEMBL4280142,6.00,False,http://www.openphacts.org/units/Nanomolar,3109133,=,38,True,=,,IC50,nM,,1000.0,CHEMBL4296073,Homo sapiens,Lysine-specific demethylase 5A/5B,9606,,,IC50,uM,UO_0000065,10.0,1.0
,18716487,[],CHEMBL4257286,Inhibition of KDM5A/KDM5B in human ZR-75-1 cells assessed as increase in H3K4me3 level after 72 hrs by fluorometric immunoblot analysis,B,,,BAO_0000190,BAO_0000219,cell-based format,O=C(O)c1ccnc(-c2cn(CCN3CCCc4ccccc43)cn2)c1,,,CHEMBL4257223,,,"{'bei': '17.22', 'le': '0.32', 'lle': '2.90', 'sei': '8.42'}",CHEMBL4289159,,CHEMBL4289159,6.00,False,http://www.openphacts.org/units/Nanomolar,3109149,=,38,True,=,,IC50,nM,,1000.0,CHEMBL4296073,Homo sapiens,Lysine-specific demethylase 5A/5B,9606,,,IC50,uM,UO_0000065,10.0,1.0
,18716488,[],CHEMBL4257286,Inhibition of KDM5A/KDM5B in human ZR-75-1 cells assessed as increase in H3K4me3 level after 72 hrs by fluorometric immunoblot analysis,B,,,BAO_0000190,BAO_0000219,cell-based format,O=C(O)c1ccnc(-c2cn(CCc3ccc(F)cc3)cn2)c1,,,CHEMBL4257223,,,"{'bei': '19.27', 'le': '0.36', 'lle': '2.97', 'sei': '8.82'}",CHEMBL4277869,,CHEMBL4277869,6.00,False,http://www.openphacts.org/units/Nanomolar,3109153,=,38,True,=,,IC50,nM,,1000.0,CHEMBL4296073,Homo sapiens,Lysine-specific demethylase 5A/5B,9606,,,IC50,uM,UO_0000065,10.0,1.0
,18716489,[],CHEMBL4257286,Inhibition of KDM5A/KDM5B in human ZR-75-1 cells assessed as increase in H3K4me3 level after 72 hrs by fluorometric immunoblot analysis,B,,,BAO_0000190,BAO_0000219,cell-based format,O=C(O)c1ccnc(-c2cn(CCc3ccccc3F)cn2)c1,,,CHEMBL4257223,,,"{'bei': '19.27', 'le': '0.36', 'lle': '2.97', 'sei': '8.82'}",CHEMBL4290321,,CHEMBL4290321,6.00,False,http://www.openphacts.org/units/Nanomolar,3109154,=,38,True,=,,IC50,nM,,1000.0,CHEMBL4296073,Homo sapiens,Lysine-specific demethylase 5A/5B,9606,,,IC50,uM,UO_0000065,10.0,1.0
,18716490,[],CHEMBL4257286,Inhibition of KDM5A/KDM5B in human ZR-75-1 cells assessed as increase in H3K4me3 level after 72 hrs by fluorometric immunoblot analysis,B,,,BAO_0000190,BAO_0000219,cell-based format,COc1ccccc1CCn1cnc(-c2cc(C(=O)O)ccn2)c1,,,CHEMBL4257223,,,,CHEMBL4280613,,CHEMBL4280613,,False,http://www.openphacts.org/units/Nanomolar,3109156,>,38,True,>,,IC50,nM,,10000.0,CHEMBL4296073,Homo sapiens,Lysine-specific demethylase 5A/5B,9606,,,IC50,uM,UO_0000065,,10.0
,18716491,[],CHEMBL4257286,Inhibition of KDM5A/KDM5B in human ZR-75-1 cells assessed as increase in H3K4me3 level after 72 hrs by fluorometric immunoblot analysis,B,,,BAO_0000190,BAO_0000219,cell-based format,Cc1ccccc1CCn1cnc(-c2cc(C(=O)O)ccn2)c1,,,CHEMBL4257223,,,"{'bei': '19.52', 'le': '0.36', 'lle': '2.81', 'sei': '8.82'}",CHEMBL4283431,,CHEMBL4283431,6.00,False,http://www.openphacts.org/units/Nanomolar,3109157,=,38,True,=,,IC50,nM,,1000.0,CHEMBL4296073,Homo sapiens,Lysine-specific demethylase 5A/5B,9606,,,IC50,uM,UO_0000065,10.0,1.0
,18716492,[],CHEMBL4257286,Inhibition of KDM5A/KDM5B in human ZR-75-1 cells assessed as increase in H3K4me3 level after 72 hrs by fluorometric immunoblot analysis,B,,,BAO_0000190,BAO_0000219,cell-based format,O=C(O)c1ccnc(-c2cn(CCc3ccccc3Cl)cn2)c1,,,CHEMBL4257223,,,"{'bei': '18.31', 'le': '0.36', 'lle': '2.46', 'sei': '8.82'}",CHEMBL4282361,,CHEMBL4282361,6.00,False,http://www.openphacts.org/units/Nanomolar,3109158,=,38,True,=,,IC50,nM,,1000.0,CHEMBL4296073,Homo sapiens,Lysine-specific demethylase 5A/5B,9606,,,IC50,uM,UO_0000065,10.0,1.0
,18716493,[],CHEMBL4257286,Inhibition of KDM5A/KDM5B in human ZR-75-1 cells assessed as increase in H3K4me3 level after 72 hrs by fluorometric immunoblot analysis,B,,,BAO_0000190,BAO_0000219,cell-based format,O=C(O)c1ccnc(-c2cn(CCc3ccccc3C(F)(F)F)cn2)c1,,,CHEMBL4257223,,,,CHEMBL4279259,,CHEMBL4279259,,False,http://www.openphacts.org/units/Nanomolar,3109159,>,38,True,>,,IC50,nM,,10000.0,CHEMBL4296073,Homo sapiens,Lysine-specific demethylase 5A/5B,9606,,,IC50,uM,UO_0000065,,10.0
,18716494,[],CHEMBL4257286,Inhibition of KDM5A/KDM5B in human ZR-75-1 cells assessed as increase in H3K4me3 level after 72 hrs by fluorometric immunoblot analysis,B,,,BAO_0000190,BAO_0000219,cell-based format,O=C(O)c1ccnc(-c2cn(C3Cc4ccccc4C3)cn2)c1,,,CHEMBL4257223,,,"{'bei': '19.65', 'le': '0.36', 'lle': '3.02', 'sei': '8.82'}",CHEMBL4278227,,CHEMBL4278227,6.00,False,http://www.openphacts.org/units/Nanomolar,3109160,=,38,True,=,,IC50,nM,,1000.0,CHEMBL4296073,Homo sapiens,Lysine-specific demethylase 5A/5B,9606,,,IC50,uM,UO_0000065,10.0,1.0
,18716495,[],CHEMBL4257286,Inhibition of KDM5A/KDM5B in human ZR-75-1 cells assessed as increase in H3K4me3 level after 72 hrs by fluorometric immunoblot analysis,B,,,BAO_0000190,BAO_0000219,cell-based format,O=C(O)c1ccnc(-c2cn(Cc3ccccc3)cn2)c1,,,CHEMBL4257223,,,"{'bei': '21.48', 'le': '0.39', 'lle': '3.31', 'sei': '8.82'}",CHEMBL4290636,,CHEMBL4290636,6.00,False,http://www.openphacts.org/units/Nanomolar,3109161,=,38,True,=,,IC50,nM,,1000.0,CHEMBL4296073,Homo sapiens,Lysine-specific demethylase 5A/5B,9606,,,IC50,uM,UO_0000065,10.0,1.0
,18716496,[],CHEMBL4257286,Inhibition of KDM5A/KDM5B in human ZR-75-1 cells assessed as increase in H3K4me3 level after 72 hrs by fluorometric immunoblot analysis,B,,,BAO_0000190,BAO_0000219,cell-based format,O=C(O)c1ccnc(-c2cn(Cc3ccc(F)cc3)cn2)c1,,,CHEMBL4257223,,,"{'bei': '20.18', 'le': '0.37', 'lle': '3.17', 'sei': '8.82'}",CHEMBL4282667,,CHEMBL4282667,6.00,False,http://www.openphacts.org/units/Nanomolar,3109162,=,38,True,=,,IC50,nM,,1000.0,CHEMBL4296073,Homo sapiens,Lysine-specific demethylase 5A/5B,9606,,,IC50,uM,UO_0000065,10.0,1.0
,18716497,[],CHEMBL4257286,Inhibition of KDM5A/KDM5B in human ZR-75-1 cells assessed as increase in H3K4me3 level after 72 hrs by fluorometric immunoblot analysis,B,,,BAO_0000190,BAO_0000219,cell-based format,O=C(O)c1ccnc(-c2cn(Cc3ccccc3F)cn2)c1,,,CHEMBL4257223,,,"{'bei': '20.18', 'le': '0.37', 'lle': '3.17', 'sei': '8.82'}",CHEMBL4281591,,CHEMBL4281591,6.00,False,http://www.openphacts.org/units/Nanomolar,3109163,=,38,True,=,,IC50,nM,,1000.0,CHEMBL4296073,Homo sapiens,Lysine-specific demethylase 5A/5B,9606,,,IC50,uM,UO_0000065,10.0,1.0
,18716498,[],CHEMBL4257286,Inhibition of KDM5A/KDM5B in human ZR-75-1 cells assessed as increase in H3K4me3 level after 72 hrs by fluorometric immunoblot analysis,B,,,BAO_0000190,BAO_0000219,cell-based format,CC(c1ccccc1)n1cnc(-c2cc(C(=O)O)ccn2)c1,,,CHEMBL4257223,,,"{'bei': '20.45', 'le': '0.37', 'lle': '2.75', 'sei': '8.82'}",CHEMBL4285323,,CHEMBL4285323,6.00,False,http://www.openphacts.org/units/Nanomolar,3109164,=,38,True,=,,IC50,nM,,1000.0,CHEMBL4296073,Homo sapiens,Lysine-specific demethylase 5A/5B,9606,,,IC50,uM,UO_0000065,10.0,1.0
,18716499,[],CHEMBL4257286,Inhibition of KDM5A/KDM5B in human ZR-75-1 cells assessed as increase in H3K4me3 level after 72 hrs by fluorometric immunoblot analysis,B,,,BAO_0000190,BAO_0000219,cell-based format,O=C(O)c1ccnc(-c2cn(Cc3cccc(F)c3)cn2)c1,,,CHEMBL4257223,,,,CHEMBL4279029,,CHEMBL4279029,,False,http://www.openphacts.org/units/Nanomolar,3109165,>,38,True,>,,IC50,nM,,10000.0,CHEMBL4296073,Homo sapiens,Lysine-specific demethylase 5A/5B,9606,,,IC50,uM,UO_0000065,,10.0
,18716500,[],CHEMBL4257286,Inhibition of KDM5A/KDM5B in human ZR-75-1 cells assessed as increase in H3K4me3 level after 72 hrs by fluorometric immunoblot analysis,B,,,BAO_0000190,BAO_0000219,cell-based format,CC(C)(Cn1cnc(-c2cc(C(=O)O)ccn2)c1)c1ccccc1Cl,,,CHEMBL4257223,,,"{'bei': '16.86', 'le': '0.33', 'lle': '1.73', 'sei': '8.82'}",CHEMBL4281219,,CHEMBL4281219,6.00,False,http://www.openphacts.org/units/Nanomolar,3109166,=,38,True,=,,IC50,nM,,1000.0,CHEMBL4296073,Homo sapiens,Lysine-specific demethylase 5A/5B,9606,,,IC50,uM,UO_0000065,10.0,1.0
,18716501,[],CHEMBL4257286,Inhibition of KDM5A/KDM5B in human ZR-75-1 cells assessed as increase in H3K4me3 level after 72 hrs by fluorometric immunoblot analysis,B,,,BAO_0000190,BAO_0000219,cell-based format,CC(Cc1ccccc1)n1cnc(-c2cc(C(=O)O)ccn2)c1,,,CHEMBL4257223,,,"{'bei': '19.52', 'le': '0.36', 'lle': '2.55', 'sei': '8.82'}",CHEMBL4289724,,CHEMBL4289724,6.00,False,http://www.openphacts.org/units/Nanomolar,3109167,=,38,True,=,,IC50,nM,,1000.0,CHEMBL4296073,Homo sapiens,Lysine-specific demethylase 5A/5B,9606,,,IC50,uM,UO_0000065,10.0,1.0
